{"Trandaction1":["1/2/2009 6:17","Product1",1200,"Mastercard","carolina","Basildon","England","United Kingdom"], "Transaction2":["1/2/2009 4:53", "Product1", 1200, "Visa", "Betina","Parkville", "MO","United States"], "Transaction3":["1/2/2009 13:08", "Product1" ,1200, "Mastercard", "Federica e Andrea" ,"Astoria" ,"OR" ,"United States"], "Transaction4":["1/3/2009 14:44", "Product1", 1200, "Visa", "Gouya", "Echuca", "Victoria", "Australia"], " Transaction5":["1/4/2009 12:56", "Product2",3600, "Visa", "Gerd W", "Cahaba Heights", "AL", "United States]"], "Transaction6":["1/4/2009 13:19", "Product1", 1200, "Visa", "LAURENCE", "Mickleton", "NJ", "United States"], "Transaction7":["1/4/2009 20:11", "Product1", 1200, "Mastercard","Fleur","Peoria","IL","United States"], "Transaction8":["1/2/2009 20:09","Product1",1200,"Mastercard","adam","Martin","TN","United States"], "Transaction9":["1/4/2009 13:17","Product1",1200,"Mastercard","Renee Elisabeth","Tel Aviv","Tel Aviv","Israel"]}
